{
  "season": "20252026",
  "min_games": 20,
  "n_players": 234,
  "generated_at": "2026-04-03T18:51:22.069445+00:00",
  "norms": {
    "goals": {
      "mean": 4.700854700854701,
      "stdev": 4.586348388536278
    },
    "assists": {
      "mean": 16.273504273504273,
      "stdev": 12.872183758243597
    },
    "shots": {
      "mean": 76.99145299145299,
      "stdev": 46.26477181597761
    },
    "shooting_pct": {
      "mean": 0.054248034188034186,
      "stdev": 0.035683138640588516
    },
    "toi_per_game": {
      "mean": 1132.4912367521367,
      "stdev": 216.94688632537606
    },
    "hits": {
      "mean": 57.60434782608696,
      "stdev": 43.102143111905555
    },
    "blocks": {
      "mean": 81.90869565217392,
      "stdev": 37.852914755623345
    },
    "pp_points": {
      "mean": 3.7393162393162394,
      "stdev": 6.757954553343566
    }
  }
}