{
  "season": "20252026",
  "min_games": 20,
  "n_players": 472,
  "generated_at": "2026-04-03T18:51:22.063820+00:00",
  "norms": {
    "goals": {
      "mean": 13.23728813559322,
      "stdev": 9.785103254883602
    },
    "assists": {
      "mean": 18.122881355932204,
      "stdev": 13.996577749855929
    },
    "shots": {
      "mean": 101.8792372881356,
      "stdev": 59.201482532317165
    },
    "shooting_pct": {
      "mean": 0.12185082627118644,
      "stdev": 0.04627412466990065
    },
    "toi_per_game": {
      "mean": 886.7344072033899,
      "stdev": 205.87813830744085
    },
    "hits": {
      "mean": 72.40425531914893,
      "stdev": 56.699018156331675
    },
    "blocks": {
      "mean": 30.02340425531915,
      "stdev": 15.712688403722531
    },
    "pp_points": {
      "mean": 7.241525423728813,
      "stdev": 8.84910854743448
    }
  }
}